usare,esito,titolo,licenza,autore,descrizione,larghezza,altezza,url_immagine,pagina,tema
x,ok,Circle of Norbert van Bloemen Italian flower and vegetable market.jpg,Public domain,Circle of Norbert van Bloemen,,3455,2787,https://upload.wikimedia.org/wikipedia/commons/thumb/e/e0/Circle_of_Norbert_van_Bloemen_Italian_flower_and_vegetable_market.jpg/1280px-Circle_of_Norbert_van_Bloemen_Italian_flower_and_vegetable_market.jpg,https://commons.wikimedia.org/wiki/File:Circle_of_Norbert_van_Bloemen_Italian_flower_and_vegetable_market.jpg,mercato
x,ok,Norbert Balog - Deal.jpg,CC BY 4.0,NBlart23,The deal,6482,4321,https://upload.wikimedia.org/wikipedia/commons/thumb/d/dc/Norbert_Balog_-_Deal.jpg/1280px-Norbert_Balog_-_Deal.jpg,https://commons.wikimedia.org/wiki/File:Norbert_Balog_-_Deal.jpg,mercato
x,ok,Norbert Balog - The Chestnut Roaster.jpg,CC BY 4.0,NBlart23,The Chestnut Roaster,4702,3135,https://upload.wikimedia.org/wikipedia/commons/thumb/0/0e/Norbert_Balog_-_The_Chestnut_Roaster.jpg/1280px-Norbert_Balog_-_The_Chestnut_Roaster.jpg,https://commons.wikimedia.org/wiki/File:Norbert_Balog_-_The_Chestnut_Roaster.jpg,mercato
x,"ok, ma con vincolo",Paolo Monti - Serie fotografica - BEIC 6340878.jpg,CC BY-SA 4.0,Paolo Monti,"Serie fotografica : Italia, 1940 / Paolo Monti, Erberto Ruedi. - Stampe: 2 : Positivo b/n, gelatina bromuro d'",804,1280,https://upload.wikimedia.org/wikipedia/commons/f/f0/Paolo_Monti_-_Serie_fotografica_-_BEIC_6340878.jpg,https://commons.wikimedia.org/wiki/File:Paolo_Monti_-_Serie_fotografica_-_BEIC_6340878.jpg,mercato
x,"ok, ma con vincolo",12 Progetto Ridiamo il mare a Pra'-Palmaro.jpg,CC BY-SA 4.0,Fond primavera,Progetto Ridiamo il mare a Pra'-Palmaro,1243,721,https://upload.wikimedia.org/wikipedia/commons/1/15/12_Progetto_Ridiamo_il_mare_a_Pra%27-Palmaro.jpg,https://commons.wikimedia.org/wiki/File:12_Progetto_Ridiamo_il_mare_a_Pra%27-Palmaro.jpg,quartiere
x,"ok, ma con vincolo",Among the green of the streets of old Florence -Fra il verde delle strade della vecchia Firenze.jpg,CC BY-SA 4.0,PROPOLI87,Among the green of the streets of old Florence,3526,2654,https://upload.wikimedia.org/wikipedia/commons/thumb/1/16/Among_the_green_of_the_streets_of_old_Florence_-Fra_il_verde_delle_strade_della_vecchia_Firenze.jpg/1280px-Among_the_green_of_the_streets_of_old_Florence_-Fra_il_verde_delle_strade_della_vecchia_Firenze.jpg,https://commons.wikimedia.org/wiki/File:Among_the_green_of_the_streets_of_old_Florence_-Fra_il_verde_delle_strade_della_vecchia_Firenze.jpg,quartiere
x,"ok, ma con vincolo",Ann Uccello Street sign Italy.jpg,CC BY-SA 4.0,Gciriani,"Street sign dedicated to Ann Uccello in Canicattini Bagni, Italy.",2448,3264,https://upload.wikimedia.org/wikipedia/commons/thumb/2/20/Ann_Uccello_Street_sign_Italy.jpg/1280px-Ann_Uccello_Street_sign_Italy.jpg,https://commons.wikimedia.org/wiki/File:Ann_Uccello_Street_sign_Italy.jpg,quartiere
x,ok,Antichi Borghi (230174867).jpeg,CC0,Salvatore Bertolino,500px provided description: Antichi Borghi [],2048,1365,https://upload.wikimedia.org/wikipedia/commons/thumb/4/4f/Antichi_Borghi_%28230174867%29.jpeg/1280px-Antichi_Borghi_%28230174867%29.jpeg,https://commons.wikimedia.org/wiki/File:Antichi_Borghi_(230174867).jpeg,quartiere
x,"ok, ma con vincolo",Cadrian.png,CC BY-SA 4.0,Giullino,Via XXV aprile,1075,604,https://upload.wikimedia.org/wikipedia/commons/d/d0/Cadrian.png,https://commons.wikimedia.org/wiki/File:Cadrian.png,quartiere
x,"ok, ma con vincolo",Cagliari street.jpg,CC BY-SA 4.0,Mksg1,Cagliari street,4032,3024,https://upload.wikimedia.org/wikipedia/commons/thumb/0/0f/Cagliari_street.jpg/1280px-Cagliari_street.jpg,https://commons.wikimedia.org/wiki/File:Cagliari_street.jpg,quartiere
x,"ok, ma con vincolo",CartelloCastelsilano.jpg,CC BY-SA 4.0,Eagle992,Cartello di ingresso nel comune di Castelsilano,521,235,https://upload.wikimedia.org/wikipedia/commons/0/0e/CartelloCastelsilano.jpg,https://commons.wikimedia.org/wiki/File:CartelloCastelsilano.jpg,quartiere
x,ok,"Colonne di San Lorenzo, Milano.jpg",CC0,GianniGMilano,"Columns of San Lorenzo, Milan",4621,5408,https://upload.wikimedia.org/wikipedia/commons/thumb/6/6b/Colonne_di_San_Lorenzo%2C_Milano.jpg/1280px-Colonne_di_San_Lorenzo%2C_Milano.jpg,"https://commons.wikimedia.org/wiki/File:Colonne_di_San_Lorenzo,_Milano.jpg",quartiere
x,"ok, ma con vincolo",""" 13 - ITALY - books.jpg",CC BY-SA 3.0 it,"Andrea Pavanello, Milano",Libri colorati,1456,2592,https://upload.wikimedia.org/wikipedia/commons/thumb/7/7e/%22_13_-_ITALY_-_books.jpg/1280px-%22_13_-_ITALY_-_books.jpg,https://commons.wikimedia.org/wiki/File:%22_13_-_ITALY_-_books.jpg,biblioteca
x,"ok, ma con vincolo",Bahishiquid.jpg,CC BY-SA 4.0,Neronmago,Biblioteca,969,1179,https://upload.wikimedia.org/wikipedia/commons/9/96/Bahishiquid.jpg,https://commons.wikimedia.org/wiki/File:Bahishiquid.jpg,biblioteca
x,"ok, ma con vincolo",Biblioteca della Pontificia Università Gregoriana (2).jpg,CC BY-SA 4.0,ManuelaLaRosa,Torre libraria,4757,3150,https://upload.wikimedia.org/wikipedia/commons/thumb/2/23/Biblioteca_della_Pontificia_Universit%C3%A0_Gregoriana_%282%29.jpg/1280px-Biblioteca_della_Pontificia_Universit%C3%A0_Gregoriana_%282%29.jpg,https://commons.wikimedia.org/wiki/File:Biblioteca_della_Pontificia_Universit%C3%A0_Gregoriana_(2).jpg,biblioteca
x,"ok, ma con vincolo",Biblioteca della Pontificia Università Gregoriana (3).jpg,CC BY-SA 4.0,ManuelaLaRosa,Sala lettura,4032,3024,https://upload.wikimedia.org/wikipedia/commons/thumb/f/f5/Biblioteca_della_Pontificia_Universit%C3%A0_Gregoriana_%283%29.jpg/1280px-Biblioteca_della_Pontificia_Universit%C3%A0_Gregoriana_%283%29.jpg,https://commons.wikimedia.org/wiki/File:Biblioteca_della_Pontificia_Universit%C3%A0_Gregoriana_(3).jpg,biblioteca
x,"ok, ma con vincolo",Bibliothèque Chamois AO s.jpg,CC BY-SA 4.0,Neronmago,Biblioteca,922,1180,https://upload.wikimedia.org/wikipedia/commons/a/a5/Biblioth%C3%A8que_Chamois_AO_s.jpg,https://commons.wikimedia.org/wiki/File:Biblioth%C3%A8que_Chamois_AO_s.jpg,biblioteca
x,ok,1972 school in Italy.jpg,Public domain,Unknown authorUnknown author,"school in Acilia, Rome, 1972",676,423,https://upload.wikimedia.org/wikipedia/commons/0/04/1972_school_in_Italy.jpg,https://commons.wikimedia.org/wiki/File:1972_school_in_Italy.jpg,scuola
x,"ok, ma con vincolo",A scuola con metodo.jpg,CC BY-SA 4.0,Lucia Musto Sara Coviello Adriano Telesca,"Immagine rappresentativa della classe 1B, a scuola con metodo.",2288,3273,https://upload.wikimedia.org/wikipedia/commons/thumb/7/7b/A_scuola_con_metodo.jpg/1280px-A_scuola_con_metodo.jpg,https://commons.wikimedia.org/wiki/File:A_scuola_con_metodo.jpg,scuola
x,"ok, ma con vincolo",Chinese apple tree.jpg,CC BY-SA 4.0,GioRan,"Chinese apple tree, Manara school, Milano Italy",2592,4608,https://upload.wikimedia.org/wikipedia/commons/thumb/e/e7/Chinese_apple_tree.jpg/1280px-Chinese_apple_tree.jpg,https://commons.wikimedia.org/wiki/File:Chinese_apple_tree.jpg,scuola
x,"ok, ma con vincolo",Escuelita Unión-18.jpg,CC BY-SA 4.0,Semillasperu,"Scuola iniziale e primaria, Unión Alto Sanibeni",6095,6794,https://upload.wikimedia.org/wikipedia/commons/thumb/d/db/Escuelita_Uni%C3%B3n-18.jpg/1280px-Escuelita_Uni%C3%B3n-18.jpg,https://commons.wikimedia.org/wiki/File:Escuelita_Uni%C3%B3n-18.jpg,scuola
x,"ok, ma con vincolo","ITIS ""Enrico Mattei"", Urbino, tra passato e presente (frame).jpg",CC BY-SA 4.0,"Intervista:

Elisa Francioso
Intervistati:

Marta Lorenzetti
Giorgio Paolucci
Ri","ITIS ""Enrico Mattei"", Urbino, tra passato e presente (frame)",1920,1080,https://upload.wikimedia.org/wikipedia/commons/thumb/c/cb/ITIS_%22Enrico_Mattei%22%2C_Urbino%2C_tra_passato_e_presente_%28frame%29.jpg/1280px-ITIS_%22Enrico_Mattei%22%2C_Urbino%2C_tra_passato_e_presente_%28frame%29.jpg,"https://commons.wikimedia.org/wiki/File:ITIS_%22Enrico_Mattei%22,_Urbino,_tra_passato_e_presente_(frame).jpg",scuola
x,"ok, ma con vincolo","ITIS ""Enrico Mattei"", Urbino, tra passato e presente.mpg",CC BY-SA 4.0,"Intervista:

Elisa Francioso
Intervistati:

Marta Lorenzetti
Giorgio Paolucci
Ri","ITIS ""Enrico Mattei"", Urbino, tra passato e presente: un'intervista doppia a protagonisti di oggi e di ieri",1920,1080,https://upload.wikimedia.org/wikipedia/commons/thumb/0/01/ITIS_%22Enrico_Mattei%22%2C_Urbino%2C_tra_passato_e_presente.mpg/1280px--ITIS_%22Enrico_Mattei%22%2C_Urbino%2C_tra_passato_e_presente.mpg.jpg,"https://commons.wikimedia.org/wiki/File:ITIS_%22Enrico_Mattei%22,_Urbino,_tra_passato_e_presente.mpg",scuola
x,ok,"Liceo ""G. Bianchi Dottula"".jpg",CC0,Erebo.30,"Il liceo ""Giordano Bianchi Dottula"".",2560,1920,https://upload.wikimedia.org/wikipedia/commons/thumb/5/5d/Liceo_%22G._Bianchi_Dottula%22.jpg/1280px-Liceo_%22G._Bianchi_Dottula%22.jpg,https://commons.wikimedia.org/wiki/File:Liceo_%22G._Bianchi_Dottula%22.jpg,scuola
x,"ok, ma con vincolo",LIEUX - Kaiserhof School.jpg,CC BY-SA 4.0,Chevronical,The German-speaking hotel school - seen from the outside - Main entrance. South Tyrol. Meran.,4000,3000,https://upload.wikimedia.org/wikipedia/commons/thumb/f/fa/LIEUX_-_Kaiserhof_School.jpg/1280px-LIEUX_-_Kaiserhof_School.jpg,https://commons.wikimedia.org/wiki/File:LIEUX_-_Kaiserhof_School.jpg,scuola
x,ok,Franca Viola - 1970.png,Public domain,Gazzetta di Mantova,Franca Viola,367,403,https://upload.wikimedia.org/wikipedia/commons/a/ae/Franca_Viola_-_1970.png,https://commons.wikimedia.org/wiki/File:Franca_Viola_-_1970.png,giornale
x,ok,La Sera.jpg,Public domain,Unknown authorUnknown author,"Thumbnail of front page of newspaper La Sera (Milan, Italy, 1892-1927) . Illegible except for title.",198,300,https://upload.wikimedia.org/wikipedia/commons/1/1b/La_Sera.jpg,https://commons.wikimedia.org/wiki/File:La_Sera.jpg,giornale
x,ok,"Lucifero, periodico repubblicano di Ancona, 24 giugno 1914.jpg",Public domain,sconosciuto,"Settimana Rossa - ""Lucifero"", periodico repubblicano di Ancona, 24 giugno 1914",351,559,https://upload.wikimedia.org/wikipedia/commons/d/dd/Lucifero%2C_periodico_repubblicano_di_Ancona%2C_24_giugno_1914.jpg,"https://commons.wikimedia.org/wiki/File:Lucifero,_periodico_repubblicano_di_Ancona,_24_giugno_1914.jpg",giornale
x,ok,"Prima Pagina L'Arena di Verona, 1866.jpg",Public domain,L'Arena di Verona,"Front page of The Arena of Verona, 1866",768,1055,https://upload.wikimedia.org/wikipedia/commons/9/95/Prima_Pagina_L%27Arena_di_Verona%2C_1866.jpg,"https://commons.wikimedia.org/wiki/File:Prima_Pagina_L%27Arena_di_Verona,_1866.jpg",giornale
x,ok,"Prometeo (1924,n3).jpg",Public domain,Unknown authorUnknown author,Copertina del mensile fondato da Amadeo Bordiga a Napoli nel 1924.,1785,2457,https://upload.wikimedia.org/wikipedia/commons/thumb/3/37/Prometeo_%281924%2Cn3%29.jpg/1280px-Prometeo_%281924%2Cn3%29.jpg,"https://commons.wikimedia.org/wiki/File:Prometeo_(1924,n3).jpg",giornale
x,ok,Settimana Rossa - Corriere Adriatico processo a Malatesta.jpg,Public domain,sconosciuto,"""Corriere Adriatico"", esito del processo a Malatesta per la Settimana Rossa, it:1914",585,2064,https://upload.wikimedia.org/wikipedia/commons/1/1a/Settimana_Rossa_-_Corriere_Adriatico_processo_a_Malatesta.jpg,https://commons.wikimedia.org/wiki/File:Settimana_Rossa_-_Corriere_Adriatico_processo_a_Malatesta.jpg,giornale
x,ok,Settimana Rossa - L'Internazionale del 20 giugno 1914.jpg,Public domain,sconosciuto,"Settimana Rossa - ""L'Internazionale"" del 20 giugno it:1914",549,551,https://upload.wikimedia.org/wikipedia/commons/c/c6/Settimana_Rossa_-_L%27Internazionale_del_20_giugno_1914.jpg,https://commons.wikimedia.org/wiki/File:Settimana_Rossa_-_L%27Internazionale_del_20_giugno_1914.jpg,giornale
x,"ok, ma con vincolo",De-Wörterbuch.ogg,CC BY-SA 4.0,Jeuwre,"Pronunciation recording of German term ""Wörterbuch"", IPA: /ˈvœʁtɐˌbuːx/. Male voice, recorded by native German",0,0,https://commons.wikimedia.org/w/resources/assets/file-type-icons/fileicon-ogg.png,https://commons.wikimedia.org/wiki/File:De-W%C3%B6rterbuch.ogg,dizionario
x,"ok, ma con vincolo",1913 2013 ἐξέλασις mit Lenis.png,CC BY-SA 4.0,Villa loga-WB,"Karl Ernst Georges, Ausführliches lateinisch-deutsches Handwörterbuch. Bd. 1: A - H. 8., verbesserte und verme",1976,407,https://upload.wikimedia.org/wikipedia/commons/thumb/8/87/1913_2013_%E1%BC%90%CE%BE%CE%AD%CE%BB%CE%B1%CF%83%CE%B9%CF%82_mit_Lenis.png/1280px-1913_2013_%E1%BC%90%CE%BE%CE%AD%CE%BB%CE%B1%CF%83%CE%B9%CF%82_mit_Lenis.png,https://commons.wikimedia.org/wiki/File:1913_2013_%E1%BC%90%CE%BE%CE%AD%CE%BB%CE%B1%CF%83%CE%B9%CF%82_mit_Lenis.png,dizionario
x,ok,"A Dictionary of the Chinese Language, in Three Parts, Part II — Vol. I.djvu",Public domain,Robert Morrison,26,2840,3606,https://upload.wikimedia.org/wikipedia/commons/thumb/c/cc/A_Dictionary_of_the_Chinese_Language%2C_in_Three_Parts%2C_Part_II_%E2%80%94_Vol._I.djvu/page1-1280px-A_Dictionary_of_the_Chinese_Language%2C_in_Three_Parts%2C_Part_II_%E2%80%94_Vol._I.djvu.jpg,"https://commons.wikimedia.org/wiki/File:A_Dictionary_of_the_Chinese_Language,_in_Three_Parts,_Part_II_%E2%80%94_Vol._I.djvu",dizionario
