regione,citta,file_base,larghezza,altezza,alt_it,autore,licenza,licenza_url,pagina_fonte
Alto Adige,Bolzano,bolzano-01,1600,1064,"Appian Way, near Casal Rotondo, Bolzano — Alto Adige, Italia",Livioandronico2013,CC BY-SA 4.0,https://creativecommons.org/licenses/by-sa/4.0,https://commons.wikimedia.org/wiki/File:Appian_Way.jpg
Alto Adige,Bolzano,bolzano-02,1600,1067,"Hypo Tirol City Tower in Bozen Südtirol, Bolzano — Alto Adige, Italia",Vollmond11,CC BY-SA 3.0,https://creativecommons.org/licenses/by-sa/3.0,https://commons.wikimedia.org/wiki/File:Hypo_Tirol_City_Tower_in_Bozen.JPG
Alto Adige,Bolzano,bolzano-03,1600,1067,"Techpark Bozen Bolzano-South Tyrol, former Alumix buildings — Alto Adige, Italia",Bartleby08,CC BY-SA 4.0,https://creativecommons.org/licenses/by-sa/4.0,https://commons.wikimedia.org/wiki/File:NOI_Techpark_S%C3%BCdtirol_5.jpg
Alto Adige,Merano,merano-01,1600,1064,"Appian Way, near Casal Rotondo, Merano — Alto Adige, Italia",Livioandronico2013,CC BY-SA 4.0,https://creativecommons.org/licenses/by-sa/4.0,https://commons.wikimedia.org/wiki/File:Appian_Way.jpg
Alto Adige,Merano,merano-02,1600,1067,"Merano as seen from the Hochmuth — Alto Adige, Italia",Linguaddict,CC BY-SA 4.0,https://creativecommons.org/licenses/by-sa/4.0,https://commons.wikimedia.org/wiki/File:Merano_as_seen_from_the_Hochmuth.jpg
Alto Adige,Merano,merano-03,1600,1067,"Stadttheater Meran 2017, Merano — Alto Adige, Italia",ManfredK,CC BY-SA 4.0,https://creativecommons.org/licenses/by-sa/4.0,https://commons.wikimedia.org/wiki/File:Meran_Stadttheater_2017.jpg
Calabria,Reggio Calabria,reggio-calabria-01,1600,1068,"Reggio Calabria (Calabria, Italy) - The Francesco Cilea theater, a part of which is used by the city pinacotheca — Calabri…",Benjamin Smith,CC BY-SA 4.0,https://creativecommons.org/licenses/by-sa/4.0,https://commons.wikimedia.org/wiki/File:Reggio_Calabria_-_Teatro_Francesco_Cilea.jpg
Calabria,Reggio Calabria,reggio-calabria-02,1600,1067,"Reggio Calabria (Calabria, Italy) - The Aragonese castle — Calabria, Italia",Benjamin Smith,CC BY-SA 4.0,https://creativecommons.org/licenses/by-sa/4.0,https://commons.wikimedia.org/wiki/File:Reggio_Calabria_-_Castello_Aragonese_-_1.jpg
Calabria,Reggio Calabria,reggio-calabria-03,1600,1064,"Appian Way, near Casal Rotondo, Reggio Calabria — Calabria, Italia",Livioandronico2013,CC BY-SA 4.0,https://creativecommons.org/licenses/by-sa/4.0,https://commons.wikimedia.org/wiki/File:Appian_Way.jpg
Calabria,Tropea,tropea-01,1200,800,"Tropea (Calabria, Italy) - Morning view of the old town from Via Carmine — Calabria, Italia",Benjamin Smith,CC BY-SA 4.0,https://creativecommons.org/licenses/by-sa/4.0,https://commons.wikimedia.org/wiki/File:Tropea_-_Veduta_da_Via_Carmine_-_1.jpg
Calabria,Tropea,tropea-02,1600,1068,"Tropea (Calabria, Italy) - The marina and the old town in the background, at blue hour — Calabria, Italia",Benjamin Smith,CC BY-SA 4.0,https://creativecommons.org/licenses/by-sa/4.0,https://commons.wikimedia.org/wiki/File:Tropea_-_Porto_al_tramonto.jpg
Calabria,Tropea,tropea-03,1600,1067,"Tropea (Calabria, Italy) - Church of Santa Maria dell'Isola, on a presque-isle — Calabria, Italia",Benjamin Smith,CC BY-SA 4.0,https://creativecommons.org/licenses/by-sa/4.0,https://commons.wikimedia.org/wiki/File:Tropea_-_Santa_Maria_dell%27Isola_-_3.jpg
Campania,Napoli,napoli-01,1600,1068,"Museo di Capodimonte facciata sud-ovest a Napoli — Campania, Italia","This Photo was taken by Wolfgang Moroder . Feel free to use my photos, but please mention me as the author and send me a message . This image is not in the public domain . Please respect the copyright protection. It may only be used according to the rules mentioned here. This specifically excludes use in social media , if applicable terms of the licenses listed here not appropriate. Please do not upload an updated image here without consultation with the Author. The author would like to make corrections only at his own source. This ensures that the changes are preserved. Please if you think that any changes should be required, please inform the author. Otherwise you can upload a new image with a new name. Please use one of the templates derivative or extract .",CC BY-SA 3.0,https://creativecommons.org/licenses/by-sa/3.0,https://commons.wikimedia.org/wiki/File:Museo_Capodimonte_Napoli_facciata_Sudovest.jpg
Campania,Napoli,napoli-02,1600,1067,"Salone delle feste nel Museo di Capodimonte a Napoli — Campania, Italia","This Photo was taken by Wolfgang Moroder . Feel free to use my photos, but please mention me as the author and send me a message . This image is not in the public domain . Please respect the copyright protection. It may only be used according to the rules mentioned here. This specifically excludes use in social media , if applicable terms of the licenses listed here not appropriate. Please do not upload an updated image here without consultation with the Author. The author would like to make corrections only at his own source. This ensures that the changes are preserved. Please if you think that any changes should be required, please inform the author. Otherwise you can upload a new image with a new name. Please use one of the templates derivative or extract .",CC BY-SA 3.0,https://creativecommons.org/licenses/by-sa/3.0,https://commons.wikimedia.org/wiki/File:Museo_Capodimonte_Napoli_Salone_delle_feste.jpg
Campania,Napoli,napoli-03,1600,1067,"Nápoles, Santa Chiara vista desde la Certosa di San Martino, Napoli — Campania, Italia",Miguel Hermoso Cuesta,CC BY-SA 4.0,https://creativecommons.org/licenses/by-sa/4.0,https://commons.wikimedia.org/wiki/File:Certosa_Santa_Chiara_03.JPG
Campania,Salerno,salerno-01,1600,1064,"Appian Way, near Casal Rotondo, Salerno — Campania, Italia",Livioandronico2013,CC BY-SA 4.0,https://creativecommons.org/licenses/by-sa/4.0,https://commons.wikimedia.org/wiki/File:Appian_Way.jpg
Campania,Salerno,salerno-02,1600,1067,"Vista di Palazzo Fruscione, Salerno — Campania, Italia",Jack56,Public domain,,https://commons.wikimedia.org/wiki/File:PalazzoFruscione.JPG
Campania,Salerno,salerno-03,1600,1067,"Un momento della Fiera del Crocifisso durante l'edizione 2013, Salerno — Campania, Italia",Jack56,Public domain,,https://commons.wikimedia.org/wiki/File:Fieradelcrocifissosalerno.JPG
Campania,Sorrento,sorrento-01,1600,1067,"Sorrento, Piazza Tasso — Campania, Italia",Berthold Werner,CC BY-SA 3.0,https://creativecommons.org/licenses/by-sa/3.0,https://commons.wikimedia.org/wiki/File:Piazza_Tasso_-_Sorrento_BW_2013-05-12.jpg
Campania,Sorrento,sorrento-02,1600,1066,"Sorrento, Villa Silvana — Campania, Italia",Sorrentourist,CC BY-SA 4.0,https://creativecommons.org/licenses/by-sa/4.0,"https://commons.wikimedia.org/wiki/File:Sorrento,_Villa_Silvana_.jpg"
Campania,Sorrento,sorrento-03,1600,1064,"Overview of the port of Sorrento from atop the cliffs at Via Luigi de Maio, 2010 — Campania, Italia",DimiTalen,CC0,http://creativecommons.org/publicdomain/zero/1.0/deed.en,"https://commons.wikimedia.org/wiki/File:Overview_of_the_port_of_Sorrento_from_atop_the_cliffs_at_Via_Luigi_de_Maio,_2010.jpg"
Emilia-Romagna,Bagno di Romagna,bagno-di-romagna-01,1200,800,"Vista dal Castello di Corzano, Bagno di Romagna — Emilia-Romagna, Italia",Freirossi,CC BY-SA 4.0,https://creativecommons.org/licenses/by-sa/4.0,https://commons.wikimedia.org/wiki/File:Bagno_di_Romagna.jpg
Emilia-Romagna,Bagno di Romagna,bagno-di-romagna-02,1600,1067,"Podere Nasseto, Bagno di Romagna — Emilia-Romagna, Italia",Marco Musmeci,CC BY-SA 4.0,https://creativecommons.org/licenses/by-sa/4.0,https://commons.wikimedia.org/wiki/File:Da_Gualchiere_a_Nasseto_14.jpg
Emilia-Romagna,Bagno di Romagna,bagno-di-romagna-03,1600,1066,"Bagno di Romagna: Basilica di Santa Maria Assunta e piazza Ricasoli — Emilia-Romagna, Italia","Luigi Rosa from Pavia, Italy",CC BY-SA 2.0,https://creativecommons.org/licenses/by-sa/2.0,https://commons.wikimedia.org/wiki/File:Piazza_Ricasoli_e_Santa_Maria_Assunta_(Bagno_di_Romagna).jpg
Emilia-Romagna,Bologna,bologna-01,1600,1067,"ETR 500 in arrivo a Bologna Centrale — Emilia-Romagna, Italia",Incola,CC BY-SA 3.0,https://creativecommons.org/licenses/by-sa/3.0,https://commons.wikimedia.org/wiki/File:ETR_500_Bologna_Centrale_AV_1.jpg
Emilia-Romagna,Bologna,bologna-02,1600,1067,"Bologna innevata nel marzo 2018 — Emilia-Romagna, Italia",Pietro Luca Cassarino,CC BY-SA 4.0,https://creativecommons.org/licenses/by-sa/4.0,https://commons.wikimedia.org/wiki/File:Bologna_innevata.jpg
Emilia-Romagna,Bologna,bologna-03,1600,1067,"Mercato delle Erbe, Bologna — Emilia-Romagna, Italia",Iacopobastia,CC BY-SA 4.0,https://creativecommons.org/licenses/by-sa/4.0,https://commons.wikimedia.org/wiki/File:Al_mercato.JPG
Emilia-Romagna,Modena,modena-01,1600,1067,"Vista interna grandangolare della Chiesa di San Pietro, Modena, Emilia Romagna, Italia — Emilia-Romagna, Italia",Annovi.frizio,CC BY-SA 4.0,https://creativecommons.org/licenses/by-sa/4.0,"https://commons.wikimedia.org/wiki/File:Chiesa_di_San_Pietro,_Modena.jpg"
Emilia-Romagna,Modena,modena-02,1600,1067,"Passaggio porticato del lapidario, Modena — Emilia-Romagna, Italia",Pironius Da Modena,CC BY-SA 4.0,https://creativecommons.org/licenses/by-sa/4.0,https://commons.wikimedia.org/wiki/File:Museo_Lapidario_Estense.jpg
Emilia-Romagna,Modena,modena-03,1600,1067,"La cancellata esterna del Mercato Albinelli a Modena, mercato coperto in stile liberty nel centro città — Emilia-Romagna, …",Rossoporpora,CC BY-SA 3.0,https://creativecommons.org/licenses/by-sa/3.0,https://commons.wikimedia.org/wiki/File:Mercato_Albinelli_cancellata.JPG
Emilia-Romagna,Ravenna,ravenna-01,1600,1066,"Sanvitale03, Ravenna — Emilia-Romagna, Italia",Roger Culos,CC BY-SA 3.0,https://creativecommons.org/licenses/by-sa/3.0,https://commons.wikimedia.org/wiki/File:Sanvitale03.jpg
Emilia-Romagna,Ravenna,ravenna-02,1600,1064,"Panoramica delle strutture del porto romano, Ravenna — Emilia-Romagna, Italia",Trapezaki,CC BY-SA 4.0,https://creativecommons.org/licenses/by-sa/4.0,https://commons.wikimedia.org/wiki/File:Classe_antico_porto.jpg
Emilia-Romagna,Ravenna,ravenna-03,1600,1064,"Appian Way, near Casal Rotondo, Ravenna — Emilia-Romagna, Italia",Livioandronico2013,CC BY-SA 4.0,https://creativecommons.org/licenses/by-sa/4.0,https://commons.wikimedia.org/wiki/File:Appian_Way.jpg
Emilia-Romagna,Reggio Emilia,reggio-emilia-01,1600,1067,"Reggio Emilia AV Mediopadana, Italy — Emilia-Romagna, Italia",Luca Bravo lucabravo,CC0,http://creativecommons.org/publicdomain/zero/1.0/deed.en,"https://commons.wikimedia.org/wiki/File:Reggio_Emilia_AV_Mediopadana,_Italy_(Unsplash).jpg"
Emilia-Romagna,Reggio Emilia,reggio-emilia-02,1600,1067,"Skyline of Reggio Emilia , Italy — Emilia-Romagna, Italia",Paolo Picciati,CC BY-SA 3.0,https://creativecommons.org/licenses/by-sa/3.0,https://commons.wikimedia.org/wiki/File:Reggio_emilia_panorama_e_Ghiara.jpg
Emilia-Romagna,Reggio Emilia,reggio-emilia-03,1600,1071,"Church of Beata Vergine della Ghiara, Reggio Emilia , Italy — Emilia-Romagna, Italia",Paolo Picciati,CC BY-SA 3.0,https://creativecommons.org/licenses/by-sa/3.0,https://commons.wikimedia.org/wiki/File:Ghiara_Reggio_Emilia_cupola.JPG
Emilia-Romagna,Rimini,rimini-01,1600,1064,"Appian Way, near Casal Rotondo, Rimini — Emilia-Romagna, Italia",Livioandronico2013,CC BY-SA 4.0,https://creativecommons.org/licenses/by-sa/4.0,https://commons.wikimedia.org/wiki/File:Appian_Way.jpg
Emilia-Romagna,Rimini,rimini-02,1600,1067,"Museo della Città di Rimini in Piazza Ferrari — Emilia-Romagna, Italia",Thomass1995,CC BY-SA 4.0,https://creativecommons.org/licenses/by-sa/4.0,https://commons.wikimedia.org/wiki/File:Museo_della_Citt%C3%A0_di_Rimini.jpg
Emilia-Romagna,Rimini,rimini-03,1600,1067,"Rimini Beach — Emilia-Romagna, Italia",Sharon Mollerus,CC BY 2.0,https://creativecommons.org/licenses/by/2.0,https://commons.wikimedia.org/wiki/File:Rimini_Beach_1_(2008).jpg
Friuli-Venezia Giulia,Lignano Sabbiadoro,lignano-sabbiadoro-01,1600,1067,"Aerial image of Lignano Sabbiadoro (view from the south) — Friuli-Venezia Giulia, Italia",Carsten Steger,CC BY-SA 4.0,https://creativecommons.org/licenses/by-sa/4.0,https://commons.wikimedia.org/wiki/File:Aerial_image_of_Lignano_Sabbiadoro_(view_from_the_south).jpg
Friuli-Venezia Giulia,Lignano Sabbiadoro,lignano-sabbiadoro-02,1600,1067,"Lignano Sabbiadoro — Friuli-Venezia Giulia, Italia",Badener,CC BY 3.0,https://creativecommons.org/licenses/by/3.0,https://commons.wikimedia.org/wiki/File:Lignano_Sabbiadoro_5214.jpg
Friuli-Venezia Giulia,Lignano Sabbiadoro,lignano-sabbiadoro-03,1600,1067,"Parco acquatico ""Acquasplash"" a Lignano Sabbiadoro — Friuli-Venezia Giulia, Italia",Szekere07,CC BY 4.0,https://creativecommons.org/licenses/by/4.0,https://commons.wikimedia.org/wiki/File:Acquasplash_posteriore.png
Friuli-Venezia Giulia,Trieste,trieste-01,1600,1064,"Appian Way, near Casal Rotondo, Trieste — Friuli-Venezia Giulia, Italia",Livioandronico2013,CC BY-SA 4.0,https://creativecommons.org/licenses/by-sa/4.0,https://commons.wikimedia.org/wiki/File:Appian_Way.jpg
Friuli-Venezia Giulia,Trieste,trieste-02,1600,1067,"Antiquarium e mura, Trieste — Friuli-Venezia Giulia, Italia",Silvia borri,CC BY-SA 4.0,https://creativecommons.org/licenses/by-sa/4.0,https://commons.wikimedia.org/wiki/File:Antiquarium_SilviaBorri.jpg
Friuli-Venezia Giulia,Trieste,trieste-03,1600,1067,"L'autorizzazione per questa foto è stata fornita da WWF Italia, Trieste — Friuli-Venezia Giulia, Italia",Sebastian Lak,CC BY-SA 4.0,https://creativecommons.org/licenses/by-sa/4.0,https://commons.wikimedia.org/wiki/File:Area_marina_Miramare_-_Marine_area_of_Miramare.jpg
Lazio,Roma,roma-01,1600,1067,"Colosseo 2020, Roma — Lazio, Italia",FeaturedPics,CC BY-SA 4.0,https://creativecommons.org/licenses/by-sa/4.0,https://commons.wikimedia.org/wiki/File:Colosseo_2020.jpg
Lazio,Roma,roma-02,1600,1066,"Castel Sant'Angelo and Ponte Sant'Angelo in Rome , Italy, Roma — Lazio, Italia","Thomas Wolf , www.foto-tw.de",CC BY-SA 3.0 de,https://creativecommons.org/licenses/by-sa/3.0/de/deed.en,https://commons.wikimedia.org/wiki/File:Engelsburg_und_Engelsbr%C3%BCcke_abends.jpg
Lazio,Roma,roma-03,1600,1067,"Palazzo Wedekind - esterno, Roma — Lazio, Italia",Pietro Camporese il Giovane,CC BY 4.0,https://creativecommons.org/licenses/by/4.0,https://commons.wikimedia.org/wiki/File:Palazzo_Wedekind_-_esterno.jpg
Lazio,Tuscania,tuscania-01,1600,1067,"Tuscania Panorama — Lazio, Italia",NikonZ7II,CC BY-SA 4.0,https://creativecommons.org/licenses/by-sa/4.0,https://commons.wikimedia.org/wiki/File:Tuscania_Panorama.jpg
Lazio,Tuscania,tuscania-02,800,531,"Tuscania 2014 — Lazio, Italia",© Ra Boe / Wikipedia,CC BY-SA 3.0 de,https://creativecommons.org/licenses/by-sa/3.0/de/deed.en,https://commons.wikimedia.org/wiki/File:Tuscania_2014_by-RaBoe_017.jpg
Lazio,Tuscania,tuscania-03,800,534,"Santa Maria della Rosa in Tuscania — Lazio, Italia",Swedish National Heritage Board from Sweden,Public domain,,"https://commons.wikimedia.org/wiki/File:Santa_Maria_della_Rosa_in_Tuscania,_Italy_(7920558706).jpg"
Liguria,Genova,genova-01,1600,1064,"Appian Way, near Casal Rotondo, Genova — Liguria, Italia",Livioandronico2013,CC BY-SA 4.0,https://creativecommons.org/licenses/by-sa/4.0,https://commons.wikimedia.org/wiki/File:Appian_Way.jpg
Liguria,Genova,genova-02,1600,1067,"Villa Durazzo-Pallavicini, Genova — Liguria, Italia",Isabella.nevoso,CC BY-SA 4.0,https://creativecommons.org/licenses/by-sa/4.0,https://commons.wikimedia.org/wiki/File:Villa_Durazzo_Pallavicini_Genova11.jpg
Liguria,Genova,genova-03,1600,1060,"Palazzo Ducale di Genova — Liguria, Italia",Pierangelo66,CC BY-SA 4.0,https://creativecommons.org/licenses/by-sa/4.0,https://commons.wikimedia.org/wiki/File:-Palazzo_Ducale-.JPG
Liguria,Sanremo,sanremo-01,1600,1067,"The harbor, San Remo, Riviera-LCCN2001699351, Sanremo — Liguria, Italia",Photochrom Print Collection,Public domain,,"https://commons.wikimedia.org/wiki/File:The_harbor,_San_Remo,_Riviera-LCCN2001699351.jpg"
Liguria,Sanremo,sanremo-02,1600,1064,"Panorama notturno di Sanremo da Coldirodi (Uscita Autostrada Sanremo Ovest) — Liguria, Italia",Martorana Maurizio,CC BY-SA 3.0,https://creativecommons.org/licenses/by-sa/3.0,https://commons.wikimedia.org/wiki/File:Panorama_Notturno_da_Coldirodi.jpg
Liguria,Sanremo,sanremo-03,800,533,"Complesso di Villa Matutia a Sanremo — Liguria, Italia",Jose Antonio,CC BY-SA 3.0,https://creativecommons.org/licenses/by-sa/3.0,https://commons.wikimedia.org/wiki/File:Complesso_di_Villa_Matutia_a_Sanremo.jpg
Liguria,Sestri Levante,sestri-levante-01,1600,1067,"Sestri Levante - baia del silenzio — Liguria, Italia",Raffaele pagani,CC BY-SA 4.0,https://creativecommons.org/licenses/by-sa/4.0,https://commons.wikimedia.org/wiki/File:Sestri_Levante_-_baia_del_silenzio.jpg
Liguria,Sestri Levante,sestri-levante-02,1600,1060,"Chiesa di Santo Stefano del Ponte, Sestri Levante, Liguria, Italia — Liguria, Italia",Dapa19,CC BY-SA 4.0,https://creativecommons.org/licenses/by-sa/4.0,https://commons.wikimedia.org/wiki/File:Sestri_Levante-chiesa_santo_stefano_del_ponte-complesso_(2020).jpg
Liguria,Sestri Levante,sestri-levante-03,1600,1067,"Sestri Levante and Baia del Silenzio, the Bay of Silence — Liguria, Italia",Jiuguang Wang,CC BY-SA 3.0,https://creativecommons.org/licenses/by-sa/3.0,"https://commons.wikimedia.org/wiki/File:Sestri_Levante_and_Baia_del_Silenzio,_the_Bay_of_Silence.jpg"
Lombardia,Milano,milano-01,1600,1068,"Tower, Milan Malpensa Airport, Milan, Italy, Milano — Lombardia, Italia",Arne Müseler,CC BY-SA 3.0 de,https://creativecommons.org/licenses/by-sa/3.0/de/deed.en,https://commons.wikimedia.org/wiki/File:Milan_malpensa_terminal_airport.jpg
Lombardia,Milano,milano-02,1600,1067,"View of the Porta Nuova area skyline from the Duomo in Milan, Milano — Lombardia, Italia",Daniel Case,CC BY-SA 3.0,https://creativecommons.org/licenses/by-sa/3.0,https://commons.wikimedia.org/wiki/File:Milan_skyline_with_Unicredit_Tower_and_Bosco_Verticale.jpg
Lombardia,Milano,milano-03,1600,1067,"Civico museo archeologico di Milano — Lombardia, Italia",Orledio,CC BY-SA 4.0,https://creativecommons.org/licenses/by-sa/4.0,https://commons.wikimedia.org/wiki/File:Civico_museo_archeologico_di_Milano_1.jpg
Marche,Recanati,recanati-01,1600,1067,"Concattedrale di San Flaviano (Recanati) — Marche, Italia",Mongolo1984,CC BY-SA 4.0,https://creativecommons.org/licenses/by-sa/4.0,"https://commons.wikimedia.org/wiki/File:Concattedrale_di_San_Flaviano_(Recanati),_interno_02.jpg"
Marche,Recanati,recanati-02,1200,800,"Library of Giacomo Leopardi in his house in Recanati — Marche, Italia",Quinok,CC BY-SA 4.0,https://creativecommons.org/licenses/by-sa/4.0,https://commons.wikimedia.org/wiki/File:Recanati6750.jpg
Marche,Recanati,recanati-03,800,533,"Sacra conversazione, Recanati — Marche, Italia",Lorenzo Lotto,Public domain,,https://commons.wikimedia.org/wiki/File:Lorenzo_Lotto_007.jpg
Marche,Urbania,urbania-01,1600,1067,"Panorama di Urbania — Marche, Italia",Toni Pecoraro,Public domain,,https://commons.wikimedia.org/wiki/File:Urbania.jpg
Marche,Urbania,urbania-02,1600,1067,"Ducal Palace of Urbania — Marche, Italia",Ulrichulrich,CC BY 3.0,https://creativecommons.org/licenses/by/3.0,https://commons.wikimedia.org/wiki/File:Barco_Ducale_Urbinia.JPG
Marche,Urbania,urbania-03,800,534,"Le Palais Ducal de Urbania, Marches Italie — Marche, Italia",Belmetauro,CC BY-SA 2.0,https://creativecommons.org/licenses/by-sa/2.0,https://commons.wikimedia.org/wiki/File:Palazzo_Ducale_d%27Urbania.jpg
Piemonte,Torino,torino-01,1600,1064,"Appian Way, near Casal Rotondo, Torino — Piemonte, Italia",Livioandronico2013,CC BY-SA 4.0,https://creativecommons.org/licenses/by-sa/4.0,https://commons.wikimedia.org/wiki/File:Appian_Way.jpg
Piemonte,Torino,torino-02,1600,1067,"Edited image of Night view of Via Roma : adjusted angle, removed people, Torino — Piemonte, Italia","Guilhem Vellut, edit by User:Bruce The Deus",CC BY 4.0,https://creativecommons.org/licenses/by/4.0,"https://commons.wikimedia.org/wiki/File:Night_view_of_Via_Roma,_Turin_-_Edit_(Italy,_2019).jpg"
Piemonte,Torino,torino-03,1600,1064,"Turin as seen from w:Monte dei Cappuccini, Turin, Torino — Piemonte, Italia",Hpnx9420,CC BY 3.0,https://creativecommons.org/licenses/by/3.0,https://commons.wikimedia.org/wiki/File:Turin_monte_cappuccini.jpg
Puglia,Alberobello,alberobello-01,1600,1068,"Cimitero di Alberobello — Puglia, Italia",Ciccioff,CC BY-SA 4.0,https://creativecommons.org/licenses/by-sa/4.0,https://commons.wikimedia.org/wiki/File:Alberobello_-_Cimitero_di_Alberobello_-_2023-09-12_06-59-34_001.jpg
Puglia,Alberobello,alberobello-02,1600,1067,"Italy, Alberobello, Trullo (Trulli) — Puglia, Italia",Berthold Werner,CC BY-SA 3.0,https://creativecommons.org/licenses/by-sa/3.0,https://commons.wikimedia.org/wiki/File:Alberobello_BW_2016-10-16_13-43-03.jpg
Puglia,Alberobello,alberobello-03,1600,1067,"Alberobello con il drone — Puglia, Italia",ParisTaras,CC BY-SA 4.0,https://creativecommons.org/licenses/by-sa/4.0,https://commons.wikimedia.org/wiki/File:Alberobello_con_il_drone.jpg
Puglia,Grottaglie,grottaglie-01,1600,1067,"San Francesco De Geronimo - spoglie del Santo, Grottaglie — Puglia, Italia",Adcalian,CC BY-SA 4.0,https://creativecommons.org/licenses/by-sa/4.0,https://commons.wikimedia.org/wiki/File:SanFrancescoDeGeronimo.jpg
Puglia,Grottaglie,grottaglie-02,1600,1067,"Chiesa Madonna del Carmine - Presepe, Grottaglie — Puglia, Italia",Adcalian,CC BY-SA 4.0,https://creativecommons.org/licenses/by-sa/4.0,https://commons.wikimedia.org/wiki/File:PresepeCarmine.jpg
Puglia,Grottaglie,grottaglie-03,1600,1067,"Castello Episcopio, Grottaglie — Puglia, Italia",Adcalian,CC BY-SA 4.0,https://creativecommons.org/licenses/by-sa/4.0,https://commons.wikimedia.org/wiki/File:CastelloEpiscopio.jpg
Puglia,Otranto,otranto-01,1600,1068,"Otranto (Apulia, Italy) - Seafront north of Torre Matta — Puglia, Italia",Benjamin Smith,CC BY-SA 4.0,https://creativecommons.org/licenses/by-sa/4.0,https://commons.wikimedia.org/wiki/File:Otranto_-_Seafront_-_01.jpg
Puglia,Otranto,otranto-02,1600,1068,"Otranto (Apulia, Italy) - Coastal landscape East of town — Puglia, Italia",Benjamin Smith,CC BY-SA 4.0,https://creativecommons.org/licenses/by-sa/4.0,https://commons.wikimedia.org/wiki/File:Otranto_-_Coastal_landscape_-_07.jpg
Puglia,Otranto,otranto-03,1600,1068,"Otranto (Apulia, Italy) - The castle in late afternoon — Puglia, Italia",Benjamin Smith,CC BY-SA 4.0,https://creativecommons.org/licenses/by-sa/4.0,https://commons.wikimedia.org/wiki/File:Otranto_-_Castello_-_03.jpg
Sardegna,Alghero,alghero-01,1600,1067,"Alghero, necropoli di Anghelu Ruju — Sardegna, Italia",Gianni Careddu,CC BY-SA 4.0,https://creativecommons.org/licenses/by-sa/4.0,"https://commons.wikimedia.org/wiki/File:Alghero,_necropoli_di_Anghelu_Ruju_(111).jpg"
Sardegna,Alghero,alghero-02,1600,1066,"Porto Conte e Capo Caccia visti da Monte Doglia, Alghero (SS) — Sardegna, Italia",Gianni Careddu,CC BY-SA 3.0,https://creativecommons.org/licenses/by-sa/3.0,https://commons.wikimedia.org/wiki/File:Porto_Conte_e_Capo_Caccia_da_Monte_Doglia.jpg
Sardegna,Alghero,alghero-03,1600,1067,"Museo diocesano (Alghero) — Sardegna, Italia",Sailko,CC BY 3.0,https://creativecommons.org/licenses/by/3.0,"https://commons.wikimedia.org/wiki/File:Alghero,_museo_diocesano_(ex-chiesa_del_rosario)_01.JPG"
Sardegna,Cagliari,cagliari-01,1600,1067,"At Cagliari 58 — Sardegna, Italia",Photograph by Mike Peel ( www.mikepeel.net ).,CC BY-SA 4.0,https://creativecommons.org/licenses/by-sa/4.0,https://commons.wikimedia.org/wiki/File:At_Cagliari_2024_58.jpg
Sardegna,Cagliari,cagliari-02,1600,1067,"Cagliari train station, Sardinia — Sardegna, Italia",Photograph by Mike Peel ( www.mikepeel.net ).,CC BY-SA 4.0,https://creativecommons.org/licenses/by-sa/4.0,https://commons.wikimedia.org/wiki/File:At_Cagliari_2024_85.jpg
Sardegna,Cagliari,cagliari-03,1600,1067,"Cagliari Cathedral — Sardegna, Italia",Holger Uwe Schmitt,CC BY-SA 4.0,https://creativecommons.org/licenses/by-sa/4.0,https://commons.wikimedia.org/wiki/File:%22Cattedrale_di_Santa_Maria_e_Santa_Cecilia%22_(Cagliari)._12.jpg
Sardegna,La Maddalena,la-maddalena-01,1600,1067,"Arsenale (g8 summit la maddalena) la maddalena - sardinia - sardegna — Sardegna, Italia",br1dotcom,CC BY 2.0,https://creativecommons.org/licenses/by/2.0,https://commons.wikimedia.org/wiki/File:Arsenale_la_maddalena_2.jpg
Sardegna,La Maddalena,la-maddalena-02,1600,1067,"La Maddalena - Municipio — Sardegna, Italia",Gianni Careddu,CC BY-SA 3.0,https://creativecommons.org/licenses/by-sa/3.0,https://commons.wikimedia.org/wiki/File:La_Maddalena_-_Municipio.JPG
Sardegna,La Maddalena,la-maddalena-03,1600,1067,"La Maddalena — Sardegna, Italia",Gianni Careddu,CC BY-SA 3.0,https://creativecommons.org/licenses/by-sa/3.0,https://commons.wikimedia.org/wiki/File:La_Maddalena_-_Il_porto_(02).JPG
Sardegna,Olbia,olbia-01,1600,1067,"Palazzo municipale di Olbia — Sardegna, Italia",Dr. Thomas Liptak,CC BY-SA 4.0,https://creativecommons.org/licenses/by-sa/4.0,"https://commons.wikimedia.org/wiki/File:Sardinia,_Olbia,_Municipio_(town_hall).jpg"
Sardegna,Olbia,olbia-02,1600,1067,"Vista aerea di Olbia, con l'aeroporto e il porto visibili — Sardegna, Italia",Japs 88,CC BY-SA 4.0,https://creativecommons.org/licenses/by-sa/4.0,https://commons.wikimedia.org/wiki/File:Aerial_view_of_Olbia.jpg
Sardegna,Olbia,olbia-03,1600,1067,"De:Olbia (Sardinien) : Lungomare di Olbia () — Sardegna, Italia",Dr. Thomas Liptak,CC BY-SA 4.0,https://creativecommons.org/licenses/by-sa/4.0,"https://commons.wikimedia.org/wiki/File:Sardinia,_Olbia,_Lungomare_di_Olbia.jpg"
Sicilia,Cefalù,cefalu-01,1200,800,"View of Cefalu from above — Sicilia, Italia","tamás szabó from Kolozsvár, Románia",CC BY-SA 2.0,https://creativecommons.org/licenses/by-sa/2.0,https://commons.wikimedia.org/wiki/File:View_of_Cefalu_from_above_(44945905581).jpg
Sicilia,Cefalù,cefalu-02,1600,1064,"Italy, Sicily, Cefalù, view from Via Giudecca — Sicilia, Italia",Berthold Werner,CC BY-SA 4.0,https://creativecommons.org/licenses/by-sa/4.0,https://commons.wikimedia.org/wiki/File:Cefal%C3%B9_BW_2025-05-01_09-33-36.jpg
Sicilia,Cefalù,cefalu-03,1600,1066,"Italy, Sicily, Cefalù, harbour — Sicilia, Italia",Berthold Werner,CC BY-SA 3.0,https://creativecommons.org/licenses/by-sa/3.0,https://commons.wikimedia.org/wiki/File:Cefalu_Fishers_Harbour_BW_2012-10-11_12-38-32.jpg
Sicilia,Milazzo,milazzo-01,1600,1067,"Prospetto Duomo, Milazzo — Sicilia, Italia",Effems,CC BY-SA 4.0,https://creativecommons.org/licenses/by-sa/4.0,https://commons.wikimedia.org/wiki/File:Castello_Milazzo_05.jpg
Sicilia,Milazzo,milazzo-02,1600,1067,"Piscina di Venere, Milazzo — Sicilia, Italia",Davide Mauro,CC BY-SA 4.0,https://creativecommons.org/licenses/by-sa/4.0,https://commons.wikimedia.org/wiki/File:Piscina_di_Venere.jpg
Sicilia,Milazzo,milazzo-03,1600,1067,"Villa Vaccarino, Milazzo — Sicilia, Italia",Effems,CC BY-SA 4.0,https://creativecommons.org/licenses/by-sa/4.0,https://commons.wikimedia.org/wiki/File:Villa_Vaccarino_(Milazzo)_01_09_2019_02.jpg
Sicilia,Palermo,palermo-01,1600,1062,"Punta Barcarello a Sferracavallo. Palermo — Sicilia, Italia","Salvatore Marra from Palermo, Italia",CC BY 2.0,https://creativecommons.org/licenses/by/2.0,https://commons.wikimedia.org/wiki/File:Chebellolavorardinotte.jpg
Sicilia,Palermo,palermo-02,1600,1071,"Italy, Sicily, Palermo, Mondello — Sicilia, Italia",Berthold Werner,CC BY-SA 3.0,https://creativecommons.org/licenses/by-sa/3.0,https://commons.wikimedia.org/wiki/File:Mondello_BW_2012-10-09_15-15-08.JPG
Sicilia,Palermo,palermo-03,1600,1067,"Palazzo delle Poste, Palermo, Italia — Sicilia, Italia",Patrick Nouhailler's…,CC BY-SA 3.0,https://creativecommons.org/licenses/by-sa/3.0,https://commons.wikimedia.org/wiki/File:Palermo_-_panoramio_(29).jpg
Sicilia,Palermo (Mondello),palermo-mondello-01,1600,1067,"Il golfo di Mondello, Palermo — Sicilia, Italia","Andrea Calcagno from PALERMO, Italia",CC BY-SA 2.0,https://creativecommons.org/licenses/by-sa/2.0,https://commons.wikimedia.org/wiki/File:Il_golfo_di_Mondello.jpg
Sicilia,Palermo (Mondello),palermo-mondello-02,1600,1067,"An Italian CANT Z.506 Airone seaplane on the Sicilian beach of Mondello, September 1943, Palermo — Sicilia, Italia",Nick Parrino,Public domain,,https://commons.wikimedia.org/wiki/File:Cant_Z506_on_Sicily_beach_side_1943.jpg
Sicilia,Palermo (Mondello),palermo-mondello-03,1200,800,"PA Palermo - Mondello- ingresso allo Stabilimento Balenare — Sicilia, Italia",Albertomos,Public domain,,https://commons.wikimedia.org/wiki/File:PA-Palermo-1957-Mondello-stabilimento-balneare.jpg
Sicilia,Taormina,taormina-01,1600,1064,"Italy, Sicily, Taormina, Basilica San Nicolò di Bari — Sicilia, Italia",Berthold Werner,CC BY-SA 4.0,https://creativecommons.org/licenses/by-sa/4.0,https://commons.wikimedia.org/wiki/File:Taormina_BW_2025-04-27_13-18-25.jpg
Sicilia,Taormina,taormina-02,1600,1064,"Coast looking northward from Taormina, Sicily. Compare to 1899 view — Sicilia, Italia",pjt56 ---,CC BY-SA 3.0,https://creativecommons.org/licenses/by-sa/3.0,https://commons.wikimedia.org/wiki/File:TaorminaCoast-pjt.jpg
Sicilia,Taormina,taormina-03,1600,1067,"Italy, Sicily, Taormina, ancient theatre — Sicilia, Italia",Berthold Werner,CC BY-SA 3.0,https://creativecommons.org/licenses/by-sa/3.0,https://commons.wikimedia.org/wiki/File:Taormina_BW_2012-10-05_16-15-42.jpg
Sicilia,Trapani,trapani-01,1600,1064,"Italy, Sicily, view from Erice to Trapani — Sicilia, Italia",Berthold Werner,CC BY-SA 4.0,https://creativecommons.org/licenses/by-sa/4.0,https://commons.wikimedia.org/wiki/File:Trapani_BW_2025-04-30_12-08-03.jpg
Sicilia,Trapani,trapani-02,1600,1067,"Des chalutiers et des senneurs dans le port de pêche (porto peschereccio) de Trapani. Trapani, Sicile, Italie — Sicilia, I…",Jpbazard Jean-Pierre Bazard,CC BY-SA 3.0,https://creativecommons.org/licenses/by-sa/3.0,https://commons.wikimedia.org/wiki/File:Bateaux_de_p%C3%AAche_de_Trapani_(3).jpg
Sicilia,Trapani,trapani-03,1600,1062,"Photo personnelle d'un coucous typique des îles Kerkennah (Tunisie) août 2007, Trapani — Sicilia, Italia",Nessun autore leggibile automaticamente. Elcèd77 presunto (secondo quanto affermano i diritti d'autore).,CC BY-SA 3.0,https://creativecommons.org/licenses/by-sa/3.0,"https://commons.wikimedia.org/wiki/File:Fish_couscous_from_Kerkenah,_Tunisia,_August_16th,_2007.jpg"
Toscana,Arezzo,arezzo-01,1600,1064,"Panorama of Arezzo, Tuscany, Italy — Toscana, Italia",LigaDue,CC BY-SA 4.0,https://creativecommons.org/licenses/by-sa/4.0,https://commons.wikimedia.org/wiki/File:ArezzoPanorama3.jpg
Toscana,Arezzo,arezzo-02,1600,1067,"Duomo di Arezzo — Toscana, Italia",Luca Aless,CC BY-SA 4.0,https://creativecommons.org/licenses/by-sa/4.0,https://commons.wikimedia.org/wiki/File:Arezzo_-_Duomo.jpg
Toscana,Arezzo,arezzo-03,1600,1067,"Veduta del centro città da dietro la fortezza, Arezzo — Toscana, Italia",Enrico P87,CC BY-SA 3.0,https://creativecommons.org/licenses/by-sa/3.0,https://commons.wikimedia.org/wiki/File:ArezzoCityCentre.jpg
Toscana,Firenze,firenze-01,1600,1067,"Basilica di Santa Maria Novella (2019), Firenze — Toscana, Italia",Photo2021,CC BY-SA 4.0,https://creativecommons.org/licenses/by-sa/4.0,https://commons.wikimedia.org/wiki/File:Santa_Maria_Novella_2019.jpg
Toscana,Firenze,firenze-02,1600,1067,"Fuochi d'artificio sopra il Ponte Vecchio a Firenze , Italia — Toscana, Italia",Martin Falbisoner,CC BY-SA 3.0,https://creativecommons.org/licenses/by-sa/3.0,https://commons.wikimedia.org/wiki/File:Fireworks_over_Ponte_Vecchio.JPG
Toscana,Firenze,firenze-03,1600,1067,"Corridoio superiore est della Galleria degli Uffizi a Firenze — Toscana, Italia",Luca Aless,CC BY-SA 4.0,https://creativecommons.org/licenses/by-sa/4.0,"https://commons.wikimedia.org/wiki/File:Firenze_-_Galleria_degli_Uffizi,_corridoio_livello_superiore.jpg"
Toscana,Isola d'Elba,isola-d-elba-01,800,533,"Aerial view of the island of Elba , Monte Capanne , Marciana Marina and Portoferraio, Isola d'Elba — Toscana, Italia",Mjobling,CC BY 3.0,https://creativecommons.org/licenses/by/3.0,https://commons.wikimedia.org/wiki/File:Aerial_view_of_Elba_1.jpg
Toscana,Isola d'Elba,isola-d-elba-02,1600,1067,"Sujet : Elbe, Île d' Échelle(s) : 4 Mille Ital.ns [= 11,4 cm ; 1:65 000 environ] Couverture : Italie – Toscane Langue : fr…",Moydier (16..-17..?). Auteur du texte,Public domain,,https://commons.wikimedia.org/wiki/File:Carte_de_l%27Isle_d%27Elbe_-_(Sign%C3%A9)_Moydier_-_btv1b8494229z.jpg
Toscana,Isola d'Elba,isola-d-elba-03,1600,1067,"L'isle d'Elbe dans la côte de Toscane, - btv1b53011967w, Isola d'Elba — Toscana, Italia",Autore sconosciuto,Public domain,,"https://commons.wikimedia.org/wiki/File:L%27isle_d%27Elbe_dans_la_c%C3%B4te_de_Toscane,_(1705)_-_btv1b53011967w.jpg"
Toscana,Lucca,lucca-01,1600,1066,"Der Piazza dell’Anfiteatro in Lucca , Sept. 2021 — Toscana, Italia",Kasa Fue,CC BY-SA 4.0,https://creativecommons.org/licenses/by-sa/4.0,https://commons.wikimedia.org/wiki/File:Lucca_Piazza_dell%E2%80%99Anfiteatro_2021.jpg
Toscana,Lucca,lucca-02,1600,1068,"Paolo Monti - Serie fotografica - BEIC, Lucca — Toscana, Italia",Paolo Monti,CC BY-SA 4.0,https://creativecommons.org/licenses/by-sa/4.0,"https://commons.wikimedia.org/wiki/File:Paolo_Monti_-_Serie_fotografica_(Lucca,_1962)_-_BEIC_6328521.jpg"
Toscana,Lucca,lucca-03,1600,1066,"Il mondo romano all'epoca del primo triumvirato e degli accordi di Lucca tra Cesare, Crasso e Pompeo nel 56 a.C — Toscana,…",Cristiano64 Questo file deriva da: Map of the Ancient Rome at Caesar time-fr.svg Historicair,CC BY-SA 3.0,https://creativecommons.org/licenses/by-sa/3.0,https://commons.wikimedia.org/wiki/File:Mondo_romano_nel_56_aC_al_tempo_del_primo_triumvirato.png
Toscana,Montepulciano,montepulciano-01,1600,1067,"Montepulciano02 — Toscana, Italia",Autore sconosciuto,CC BY-SA 2.0,https://creativecommons.org/licenses/by-sa/2.0,https://commons.wikimedia.org/wiki/File:Montepulciano02.jpg
Toscana,Montepulciano,montepulciano-02,1600,1067,"Duomo di Montepulciano — Toscana, Italia",Photo2023,CC BY 4.0,https://creativecommons.org/licenses/by/4.0,https://commons.wikimedia.org/wiki/File:Duomo_di_Montepulciano_2020.jpg
Toscana,Montepulciano,montepulciano-03,1600,1067,"Montepulciano, la fontana di Piazza Grande vista nel film The Twilight Saga: New Moon — Toscana, Italia",L'utente che ha caricato in origine il file è stato Valentini17 di Wikipedia in italiano,CC BY-SA 3.0,https://creativecommons.org/licenses/by-sa/3.0,https://commons.wikimedia.org/wiki/File:FontanaNewMoonMontepulciano.jpg
Toscana,Orbetello,orbetello-01,1600,1060,"Palazzo municipale di Orbetello, Toscana, Italia — Toscana, Italia",Davide Papalini,CC BY-SA 4.0,https://creativecommons.org/licenses/by-sa/4.0,https://commons.wikimedia.org/wiki/File:Orbetello-palazzo_municipale.jpg
Toscana,Orbetello,orbetello-02,1600,1067,"Orbetello - panoramio — Toscana, Italia",trolvag,CC BY-SA 3.0,https://creativecommons.org/licenses/by-sa/3.0,https://commons.wikimedia.org/wiki/File:Orbetello_-_panoramio.jpg
Toscana,Orbetello,orbetello-03,1600,1067,"Orbetello, porta medina, 01 — Toscana, Italia",Sailko,CC BY 3.0,https://creativecommons.org/licenses/by/3.0,"https://commons.wikimedia.org/wiki/File:Orbetello,_porta_medina,_01.jpg"
Toscana,Pisa,pisa-01,1600,1067,"Pisa. Lungarno — Toscana, Italia",Miguel Hermoso Cuesta,CC BY-SA 4.0,https://creativecommons.org/licenses/by-sa/4.0,https://commons.wikimedia.org/wiki/File:Lungarno_Pisa_25.JPG
Toscana,Pisa,pisa-02,1600,1067,"Pisa , Italy, Arno river — Toscana, Italia",Arne Müseler,CC BY-SA 3.0 de,https://creativecommons.org/licenses/by-sa/3.0/de/deed.en,https://commons.wikimedia.org/wiki/File:Italy_-_Pisa.jpg
Toscana,Pisa,pisa-03,1600,1067,"Ponte di Mezzo, Pisa, Italy — Toscana, Italia",Arne Müseler,CC BY-SA 3.0 de,https://creativecommons.org/licenses/by-sa/3.0/de/deed.en,https://commons.wikimedia.org/wiki/File:Italy_-_Pisa_-_Ponte_di_Mezzo.jpg
Toscana,San Giovanni Valdarno,san-giovanni-valdarno-01,1600,1067,"Foto del valdarno superiore scattata dal pratomagno, San Giovanni Valdarno — Toscana, Italia",L3O,Public domain,,https://commons.wikimedia.org/wiki/File:Valdarno_superiore.JPG
Toscana,San Giovanni Valdarno,san-giovanni-valdarno-02,1600,1066,"Palazzo Feroni - San Giovanni Valdarno — Toscana, Italia",Walter Giannetti,CC BY-SA 4.0,https://creativecommons.org/licenses/by-sa/4.0,https://commons.wikimedia.org/wiki/File:Palazzo_Feroni_-_San_Giovanni_Valdarno.jpg
Toscana,San Giovanni Valdarno,san-giovanni-valdarno-03,1600,1067,"Palazzo Mannozzi-Gariberti - San Giovanni Valdarno — Toscana, Italia",Walter Giannetti,CC BY-SA 4.0,https://creativecommons.org/licenses/by-sa/4.0,https://commons.wikimedia.org/wiki/File:Palazzo_Mannozzi-Gariberti_-_San_Giovanni_Valdarno.jpg
Toscana,Siena,siena-01,1600,1066,"Basilica di San Domenico a Siena — Toscana, Italia","This Photo was taken by Wolfgang Moroder . Feel free to use my photos, but please mention me as the author and send me a message . This image is not in the public domain . Please respect the copyright protection. It may only be used according to the rules mentioned here. This specifically excludes use in social media , if applicable terms of the licenses listed here not appropriate. Please do not upload an updated image here without consultation with the Author. The author would like to make corrections only at his own source. This ensures that the changes are preserved. Please if you think that any changes should be required, please inform the author. Otherwise you can upload a new image with a new name. Please use one of the templates derivative or extract .",CC BY-SA 3.0,https://creativecommons.org/licenses/by-sa/3.0,https://commons.wikimedia.org/wiki/File:Siena_e_la_basilica_di_San_Domenico.jpg
Toscana,Siena,siena-02,1600,1062,"Panorama di Siena — Toscana, Italia",Superchilum,CC BY-SA 4.0,https://creativecommons.org/licenses/by-sa/4.0,https://commons.wikimedia.org/wiki/File:Cityscape_of_Siena_08.JPG
Toscana,Siena,siena-03,1600,1070,"Piazza del Campo, Siena, Italy — Toscana, Italia",flissphil,CC BY 2.0,https://creativecommons.org/licenses/by/2.0,https://commons.wikimedia.org/wiki/File:Siena-view.jpg
Toscana,Viareggio,viareggio-01,1600,1067,"Viareggio, Italy — Toscana, Italia",Arne Müseler,CC BY-SA 3.0 de,https://creativecommons.org/licenses/by-sa/3.0/de/deed.en,https://commons.wikimedia.org/wiki/File:Italy_-_Viareggio.jpg
Toscana,Viareggio,viareggio-02,1600,1067,"Galleria d’Arte Moderna e Contemporanea Lorenzo Viani (Viareggio) — Toscana, Italia",Sailko,CC BY 3.0,https://creativecommons.org/licenses/by/3.0,"https://commons.wikimedia.org/wiki/File:Viareggio,_gamc,_sala_di_lorenzo_viani_01.jpg"
Toscana,Viareggio,viareggio-03,1600,1067,"Grand Hotel Royal (Viareggio) — Toscana, Italia",Sailko,CC BY 3.0,https://creativecommons.org/licenses/by/3.0,"https://commons.wikimedia.org/wiki/File:Viareggio,_hotel_royal,_esterno_01.jpg"
Trentino,Riva del Garda,riva-del-garda-01,1600,1067,"Riva del Garda aus Richtung Nord-West — Trentino, Italia",Otto Domes,CC BY-SA 4.0,https://creativecommons.org/licenses/by-sa/4.0,https://commons.wikimedia.org/wiki/File:Riva_del_Garda_aus_Nord-West.jpg
Trentino,Riva del Garda,riva-del-garda-02,1600,1067,"Ex stazione ferroviaria a Riva del Garda (1891) — Trentino, Italia",Sconosciuto Unknown author,Public domain,,https://commons.wikimedia.org/wiki/File:Bahnhof_Riva_1891.JPG
Trentino,Riva del Garda,riva-del-garda-03,1600,1067,"Chiesa dell'Inviolata in Riva del Garda — Trentino, Italia",Martin Kraft,CC BY-SA 3.0,https://creativecommons.org/licenses/by-sa/3.0,https://commons.wikimedia.org/wiki/File:MK40877_Chiesa_dell%27Inviolata_(Riva_del_Garda).jpg
Trentino,Trento,trento-01,1600,1067,"S.A.S.S. Spazio Archeologico Sotteraneo del Sas, Trento — Trentino, Italia",Stefano Canziani,CC BY-SA 4.0,https://creativecommons.org/licenses/by-sa/4.0,https://commons.wikimedia.org/wiki/File:Strada_romana.JPG
Trentino,Trento,trento-02,1600,1067,"Palazzo Sardagna , in Via Calepina, Trento — Trentino, Italia",Lungoleno,CC BY-SA 4.0,https://creativecommons.org/licenses/by-sa/4.0,https://commons.wikimedia.org/wiki/File:Palazzo_Sardagna_2016_1.jpg
Trentino,Trento,trento-03,1600,1062,"10 Trento-Castello Buonconsiglio-panorama Loggia veneziana gotica-Col Castion, Doss Trento, Mausoleo Cesare Battisti, Mont…",Paolo Villa,CC BY 4.0,https://creativecommons.org/licenses/by/4.0,"https://commons.wikimedia.org/wiki/File:10_2014_Trento-Castello_Buonconsiglio-panorama_Loggia_veneziana_gotica-Col_Castion,_Doss_Trento,_Mausoleo_Cesare_Battisti,_Monte_Soprasasso,_Monte_Terlago-ITALY-_K-5_II_-Tamron_AF_17-50mm_F2.8-photo_Paolo_Villa.jpg"
Umbria,Assisi,assisi-01,1600,1067,"Veduta storica di Assisi e dei monumenti, intitolata Assisi città dello stato pontificio . Incisione del settecento (?) — …",Creator of the engraving unknown; image scanned by Aristeas,Public domain,,https://commons.wikimedia.org/wiki/File:Engraved_panoramic_view_of_Assisi_(Assisi_citt%C3%A0_dello_stato_pontificio).jpg
Umbria,Assisi,assisi-02,1600,1067,"Vista notturna della Basilica di San Francesco, Assisi — Umbria, Italia",Francesco Falconetti,CC BY-SA 4.0,https://creativecommons.org/licenses/by-sa/4.0,https://commons.wikimedia.org/wiki/File:Vista_notturna_della_Basilica_di_San_Francesco.jpg
Umbria,Assisi,assisi-03,1600,1067,"Assisi, San Francesco — Umbria, Italia",Berthold Werner,Public domain,,https://commons.wikimedia.org/wiki/File:Assisi_San_Francesco_BW_2.JPG
Umbria,Orvieto,orvieto-01,1600,1067,"Panorama di Orvieto — Umbria, Italia",NikonZ7II,CC BY-SA 4.0,https://creativecommons.org/licenses/by-sa/4.0,https://commons.wikimedia.org/wiki/File:Panorama_di_Orvieto.jpg
Umbria,Orvieto,orvieto-02,1600,1067,"Chiesa di San Giovenale, Orvieto TR, Umbria, Italy — Umbria, Italia",trolvag,CC BY-SA 3.0,https://creativecommons.org/licenses/by-sa/3.0,"https://commons.wikimedia.org/wiki/File:Chiesa_di_San_Giovenale,_Orvieto_TR,_Umbria,_Italy_-_panoramio.jpg"
Umbria,Orvieto,orvieto-03,1200,800,"The church of Madonna del velo in Orvieto - Italy, built by bishop Giuseppe di Marsciano (1696-1754) — Umbria, Italia",Ubimaior,CC BY-SA 4.0,https://creativecommons.org/licenses/by-sa/4.0,https://commons.wikimedia.org/wiki/File:MADONNA_DEL_VELO_0_17.jpg
Umbria,Perugia,perugia-01,1600,1068,"12-09 Perugia Sant'Anna train station — Umbria, Italia",Originale: Mlemmi Opera derivata: Danyele Questa JPG grafica è stata creata con GIMP .,CC BY-SA 4.0,https://creativecommons.org/licenses/by-sa/4.0,https://commons.wikimedia.org/wiki/File:2022-12-09_Perugia_Sant%27Anna_train_station_(edited).jpg
Umbria,Perugia,perugia-02,1600,1067,"San Pietro Abbey, Perugia, Italy — Umbria, Italia",Diego Delso,CC BY-SA 4.0,https://creativecommons.org/licenses/by-sa/4.0,"https://commons.wikimedia.org/wiki/File:Abad%C3%ADa_de_San_Pedro,_Perugia,_Italia,_2022-09-20,_DD_01-03_HDR.jpg"
Umbria,Perugia,perugia-03,1600,1067,"Catedral, Perugia, Italia, -09-20, DD 42-44 HDR — Umbria, Italia",Diego Delso,CC BY-SA 4.0,https://creativecommons.org/licenses/by-sa/4.0,"https://commons.wikimedia.org/wiki/File:Catedral,_Perugia,_Italia,_2022-09-20,_DD_42-44_HDR.jpg"
Umbria,Todi,todi-01,1600,1064,"Todi: palazzo dei Priori - Italia — Umbria, Italia","Francesco Gasparetti from Senigallia, Italy",CC BY 2.0,https://creativecommons.org/licenses/by/2.0,https://commons.wikimedia.org/wiki/File:Todi-palazzo_dei_Priori.jpg
Umbria,Todi,todi-02,1200,798,"TodiCastle a castle in Umbria, Italy — Umbria, Italia",Mario Santoro,CC BY 3.0,https://creativecommons.org/licenses/by/3.0,https://commons.wikimedia.org/wiki/File:TodiCastle_grounds.jpg
Umbria,Todi,todi-03,1600,1067,"Todi panorama — Umbria, Italia",66colpi,CC BY-SA 4.0,https://creativecommons.org/licenses/by-sa/4.0,https://commons.wikimedia.org/wiki/File:Il_centro_storico_dalla_torre.jpg
Veneto,Padova,padova-01,1600,1068,"Veduta dal Ponte delle Torricelle al Ponte Gregorio Barbarigo in Padova — Veneto, Italia",Didier Descouens,CC BY-SA 4.0,https://creativecommons.org/licenses/by-sa/4.0,https://commons.wikimedia.org/wiki/File:Canals_in_Padua_-_Ponte_delle_Torricelle.jpg
Veneto,Padova,padova-02,1600,1067,"Duomo di Padova - Facciata e il battistero — Veneto, Italia",Didier Descouens,CC BY-SA 4.0,https://creativecommons.org/licenses/by-sa/4.0,https://commons.wikimedia.org/wiki/File:Duomo_(Padua)_-_Facade.jpg
Veneto,Padova,padova-03,1600,1068,"Una passeggiata per Padova — Veneto, Italia",joergens.mi,CC BY-SA 3.0,https://creativecommons.org/licenses/by-sa/3.0,https://commons.wikimedia.org/wiki/File:Museo_d%C2%B4Arte_Medioevale_e_Moderna_(Padova)_jm56863.jpg
Veneto,Venezia,venezia-01,1600,1065,Veduta di Venezia fotografata all'imbrunire. Scattata con macchina fotografica Canon su pellicola Kodak e scansionata con …,Matrobriva,CC BY-SA 3.0,https://creativecommons.org/licenses/by-sa/3.0,https://commons.wikimedia.org/wiki/File:Photography_of_Venice_at_dusk.jpg
Veneto,Venezia,venezia-02,1600,1068,"Punta della Dogana a Venezia — Veneto, Italia",Matteo Pappadopoli,CC BY-SA 4.0,https://creativecommons.org/licenses/by-sa/4.0,https://commons.wikimedia.org/wiki/File:Venezia_-_Punta_della_Dogana_-_2024-09-24_07-52-02_001.jpg
Veneto,Venezia,venezia-03,1600,1068,"Ex convento dei Frari da Campo dei Frari , oggi accesso all'Archivio di Stato in Venezia — Veneto, Italia",Didier Descouens,CC BY-SA 4.0,https://creativecommons.org/licenses/by-sa/4.0,https://commons.wikimedia.org/wiki/File:Archivio_di_Stato_(Venice).jpg
Veneto,Verona,verona-01,1600,1067,"Piazza Sant'Anastasia - Basilica di Santa Anastasia - Chiesa di San Giorgetto, Verona — Veneto, Italia",Didier Descouens,CC BY-SA 4.0,https://creativecommons.org/licenses/by-sa/4.0,https://commons.wikimedia.org/wiki/File:Piazza_Sant%27Anastasia_(Verona)_-_Basilica_di_Santa_Anastasia_-_Chiesa_di_San_Giorgetto.jpg
Veneto,Verona,verona-02,1600,1067,"Arche scaligere, Verona — Veneto, Italia",Didier Descouens,CC BY-SA 4.0,https://creativecommons.org/licenses/by-sa/4.0,https://commons.wikimedia.org/wiki/File:Arche_scaligere_(Verona).jpg
Veneto,Verona,verona-03,1600,1064,"Appian Way, near Casal Rotondo, Verona — Veneto, Italia",Livioandronico2013,CC BY-SA 4.0,https://creativecommons.org/licenses/by-sa/4.0,https://commons.wikimedia.org/wiki/File:Appian_Way.jpg
